race_id,race_round,race_title,weather,ground_status,date,where_racecourse,total_horse_number,frame_number_first,horse_number_first,frame_number_second,horse_number_second,frame_number_third,horse_number_third,tansyo,hukusyo_first,hukusyo_second,hukusyo_third,wakuren,umaren,wide_1_2,wide_1_3,wide_2_3,umatan,renhuku3,rentan3,is_left_right_straight,distance,hour
202205010101,1,3歳未勝利,天候 : 曇,ダート : 良,2022年1月29日,東京,16,1,2,2,4,2,3,790,200,180,200,590,1560,580,760,540,3500,3450,19720,左,1400,10
202205010102,2,3歳新馬,天候 : 曇,ダート : 良,2022年1月29日,東京,16,8,16,6,12,1,2,400,130,110,200,330,350,180,700,450,890,1420,6330,左,1400,10
202205010103,3,3歳未勝利,天候 : 曇,ダート : 良,2022年1月29日,東京,16,2,4,4,8,4,7,19070,3030,240,380,9040,65370,12970,20620,1500,199920,209060,2475070,左,1600,11
202205010104,4,3歳1勝クラス,天候 : 曇,ダート : 良,2022年1月29日,東京,16,1,2,6,12,8,16,9120,1660,2380,180,8000,267610,42750,5130,3590,574380,314170,3668310,左,1600,11
202205010107,7,4歳以上1勝クラス,天候 : 晴,ダート : 良,2022年1月29日,東京,16,2,3,2,4,6,11,330,160,270,270,1890,1490,420,460,830,2330,2900,12200,左,1400,13
202205010108,8,4歳以上2勝クラス,天候 : 晴,ダート : 良,2022年1月29日,東京,16,5,9,3,6,5,10,140,110,170,160,470,580,290,210,530,670,1000,2720,左,2100,14
202205010109,9,白嶺ステークス ,天候 : 晴,ダート : 良,2022年1月29日,東京,14,1,1,8,13,3,4,2300,530,150,400,2800,4280,1800,4280,800,10680,14140,103890,左,1600,14
202205010201,1,3歳未勝利,天候 : 晴,ダート : 良,2022年1月30日,東京,16,7,13,2,3,3,6,560,230,430,200,4670,6120,1720,660,1310,10890,10120,67590,左,1400,10
202205010202,2,3歳未勝利,天候 : 晴,ダート : 良,2022年1月30日,東京,13,8,13,5,6,6,9,1570,310,180,380,1990,2430,820,2290,1040,6520,8860,62490,左,2100,10
202205010203,3,3歳未勝利,天候 : 晴,ダート : 良,2022年1月30日,東京,16,8,16,1,1,5,10,2350,630,330,260,11730,15740,4040,3220,1530,27590,29500,252460,左,1600,11
202205010204,4,4歳以上1勝クラス,天候 : 晴,ダート : 良,2022年1月30日,東京,16,7,14,6,11,6,12,160,110,140,400,320,330,190,750,1370,520,2460,6970,左,1600,11
202205010207,7,4歳以上1勝クラス,天候 : 曇,ダート : 良,2022年1月30日,東京,12,6,8,6,7,8,12,350,140,210,140,1680,1940,640,330,670,3070,2370,13300,左,2100,13
202205010208,8,4歳以上2勝クラス,天候 : 曇,ダート : 良,2022年1月30日,東京,16,3,6,6,12,4,7,150,110,170,330,450,470,230,590,1560,570,2400,5090,左,1400,14
202205010211,11,第36回根岸ステークス(G3),天候 : 曇,ダート : 良,2022年1月30日,東京,16,6,11,4,7,4,8,1150,390,270,190,1010,3680,1500,1080,740,7070,5990,34910,左,1400,15
202205010301,1,3歳未勝利,天候 : 晴,ダート : 良,2022年2月5日,東京,16,3,6,6,12,6,11,240,140,160,350,560,780,340,820,1250,1190,3310,11840,左,1400,10
202205010302,2,3歳未勝利,天候 : 晴,ダート : 良,2022年2月5日,東京,16,8,15,6,11,2,4,3360,1600,1220,1220,3220,31340,6960,7750,5330,72040,153930,1388950,左,1300,10
202205010303,3,3歳未勝利,天候 : 晴,ダート : 良,2022年2月5日,東京,16,2,4,1,1,1,2,1720,320,150,160,1530,2170,770,1630,290,6430,3470,33610,左,1600,11
202205010304,4,3歳1勝クラス,天候 : 晴,ダート : 良,2022年2月5日,東京,16,6,11,2,4,8,15,170,130,1750,470,710,8570,3430,980,13680,11040,42780,155850,左,1400,11
202205010308,8,4歳以上1勝クラス,天候 : 曇,ダート : 良,2022年2月5日,東京,16,7,14,6,11,2,3,430,180,370,270,1590,2720,940,650,1780,4640,5890,28060,左,1600,14
202205010312,12,4歳以上2勝クラス,天候 : 曇,ダート : 良,2022年2月5日,東京,16,2,4,6,11,8,16,540,170,150,220,560,930,370,520,540,2160,1980,11120,左,1600,16
202205010401,1,3歳未勝利,天候 : 晴,ダート : 良,2022年2月6日,東京,16,7,13,6,11,7,14,350,150,310,150,1440,3050,880,370,880,4690,3400,19640,左,1400,10
202205010402,2,3歳未勝利,天候 : 晴,ダート : 良,2022年2月6日,東京,14,3,4,7,12,4,5,380,180,470,670,490,3020,1070,1580,4580,4700,20610,76630,左,2100,10
202205010403,3,3歳新馬,天候 : 晴,ダート : 良,2022年2月6日,東京,16,4,8,8,15,4,7,290,140,610,150,1590,6340,1780,260,1980,8340,5670,38100,左,1600,11
202205010404,4,4歳以上1勝クラス,天候 : 晴,ダート : 良,2022年2月6日,東京,16,3,6,5,9,6,11,1080,250,110,470,470,690,350,2430,630,3110,3250,34240,左,1600,11
202205010407,7,4歳以上1勝クラス,天候 : 曇,ダート : 良,2022年2月6日,東京,16,6,11,5,10,3,5,580,240,240,260,2090,2170,860,1170,1170,3820,6900,31450,左,1300,13
202205010410,10,銀蹄ステークス ,天候 : 曇,ダート : 良,2022年2月6日,東京,16,6,11,2,4,4,8,500,190,860,200,1140,11330,3650,570,2570,17350,15120,115630,左,1400,15
202205010412,12,4歳以上2勝クラス,天候 : 曇,ダート : 良,2022年2月6日,東京,16,3,5,5,9,5,10,1960,380,190,180,580,5180,1850,1420,460,12250,6350,57590,左,1300,16
202205010501,1,3歳未勝利,天候 : 晴,ダート : 重,2022年2月12日,東京,16,3,5,7,14,1,1,540,200,240,160,1830,1820,470,500,750,3900,3430,18130,左,1300,10
202205010502,2,3歳新馬,天候 : 晴,ダート : 重,2022年2月12日,東京,16,1,2,8,16,4,7,1020,200,110,230,490,730,350,1090,420,2560,2350,22300,左,1400,10
202205010503,3,3歳未勝利,天候 : 晴,ダート : 重,2022年2月12日,東京,16,5,10,7,13,3,5,1780,200,120,110,2830,3150,640,310,150,8030,910,15550,左,1600,11
202205010504,4,4歳以上1勝クラス,天候 : 晴,ダート : 重,2022年2月12日,東京,16,8,16,7,13,1,1,260,140,170,1180,430,780,380,2920,5030,1390,18300,53910,左,1400,11
202205010508,8,4歳以上1勝クラス,天候 : 晴,ダート : 重,2022年2月12日,東京,15,5,8,2,2,8,15,310,120,110,290,260,290,160,690,620,680,1590,7020,左,2100,14
202205010512,12,4歳以上2勝クラス,天候 : 晴,ダート : 重,2022年2月12日,東京,16,3,6,7,14,4,8,54940,8960,430,1350,2370,223470,72940,76470,7850,638710,2141740,14600040,左,1600,16
202205010601,1,3歳未勝利,天候 : 曇,ダート : 重,2022年2月13日,東京,16,8,15,5,10,6,12,370,170,150,680,480,700,320,2560,2030,1380,8190,29630,左,1400,10
202205010602,2,3歳未勝利,天候 : 曇,ダート : 重,2022年2月13日,東京,16,5,9,2,3,6,12,210,110,110,440,240,240,140,990,950,410,1550,5940,左,2100,10
202205010603,3,3歳未勝利,天候 : 曇,ダート : 重,2022年2月13日,東京,16,6,11,5,10,4,8,1960,300,110,1650,1310,1560,600,13350,3030,4580,37910,251490,左,1600,11
202205010604,4,3歳新馬,天候 : 雨,ダート : 重,2022年2月13日,東京,16,4,7,5,10,4,8,760,220,240,200,1280,2640,930,890,800,5440,5920,37820,左,1600,11
202205010607,7,3歳1勝クラス,天候 : 雨,ダート : 不良,2022年2月13日,東京,16,2,4,6,12,6,11,1010,320,280,810,940,1960,620,2310,1720,5060,11250,80490,左,1600,13
202205010610,10,バレンタインS ,天候 : 雨,ダート : 不良,2022年2月13日,東京,16,1,1,2,4,5,10,820,250,530,410,2380,5080,1630,1780,3850,9030,25710,121560,左,1400,15
202205010612,12,4歳以上2勝クラス,天候 : 雨,ダート : 不良,2022年2月13日,東京,16,1,2,3,5,7,13,430,170,210,340,1380,1510,650,1400,1380,2210,6830,28580,左,1400,16
202205010701,1,3歳未勝利,天候 : 曇,ダート : 稍重,2022年2月19日,東京,16,7,13,8,15,7,14,340,140,130,150,320,650,280,420,280,1160,970,3700,左,1400,10
202205010702,2,3歳1勝クラス,天候 : 曇,ダート : 稍重,2022年2月19日,東京,16,6,11,2,3,4,8,210,140,760,220,1000,4260,1290,390,4130,6070,7010,31000,左,1400,10
202205010703,3,3歳未勝利,天候 : 曇,ダート : 稍重,2022年2月19日,東京,16,2,3,4,7,8,15,250,110,140,110,700,690,270,170,250,1150,590,2910,左,1600,11
202205010704,4,3歳新馬,天候 : 晴,ダート : 稍重,2022年2月19日,東京,16,6,11,4,7,5,9,400,180,430,790,590,4190,1360,2530,5080,7510,30990,139840,左,1600,11
202205010707,7,4歳以上1勝クラス,天候 : 曇,ダート : 稍重,2022年2月19日,東京,15,5,8,6,10,4,6,450,180,460,1460,1620,4200,1210,4250,11540,6760,62660,205590,左,1600,13
202205010708,8,4歳以上2勝クラス,天候 : 曇,ダート : 稍重,2022年2月19日,東京,16,4,8,7,14,5,10,480,180,360,570,1840,3430,990,1660,3550,5480,17500,90340,左,2100,14
202205010710,10,金蹄ステークス ,天候 : 曇,ダート : 稍重,2022年2月19日,東京,16,3,5,1,1,4,7,400,170,420,440,650,3160,1460,1150,3720,5300,15050,57180,左,2100,15
202205010801,1,3歳未勝利,天候 : 曇,ダート : 不良,2022年2月20日,東京,16,7,14,8,16,2,3,230,130,220,150,620,1220,510,310,760,1740,2340,9840,左,1400,10
202205010802,2,3歳未勝利,天候 : 曇,ダート : 不良,2022年2月20日,東京,16,8,16,8,15,7,14,270,130,190,130,1330,1070,490,240,500,1690,1240,5290,左,2100,10
202205010803,3,3歳新馬,天候 : 曇,ダート : 不良,2022年2月20日,東京,16,6,11,5,9,8,16,320,140,170,190,830,1270,480,420,530,2040,2150,9050,左,1400,11
202205010806,6,4歳以上1勝クラス,天候 : 曇,ダート : 重,2022年2月20日,東京,16,7,14,5,9,3,6,150,110,220,140,780,960,380,180,630,1200,1270,4180,左,1400,12
202205010809,9,ヒヤシンスステークス(L),天候 : 曇,ダート : 重,2022年2月20日,東京,14,3,3,8,14,4,6,360,160,290,690,1720,2060,710,2200,3600,3590,15530,60420,左,1600,14
202205010811,11,第39回フェブラリーS(G1),天候 : 小雨,ダート : 重,2022年2月20日,東京,16,3,6,8,15,6,11,510,230,310,410,700,2640,1230,1980,3830,4690,16200,76940,左,1600,15
202205010812,12,大島特別 ,天候 : 曇,ダート : 重,2022年2月20日,東京,16,6,12,5,10,8,16,260,140,380,350,1030,2120,860,690,2970,2830,7610,27890,左,1400,16
202205020101,1,3歳未勝利,天候 : 晴,ダート : 重,2022年4月23日,東京,16,8,16,8,15,5,10,370,230,1000,3750,5060,3410,1080,4740,23590,5530,82770,261380,左,1600,10
202205020102,2,3歳未勝利,天候 : 晴,ダート : 重,2022年4月23日,東京,16,3,6,5,9,6,12,1140,200,110,170,790,950,400,930,360,2770,1890,15480,左,1400,10
202205020103,3,3歳未勝利,天候 : 晴,ダート : 重,2022年4月23日,東京,16,3,5,6,11,4,8,970,160,140,110,1160,2030,610,290,230,4990,1100,12810,左,2100,11
202205020106,6,3歳1勝クラス,天候 : 晴,ダート : 稍重,2022年4月23日,東京,16,8,16,6,11,2,4,300,160,490,200,950,4440,1420,440,2350,6880,7960,43400,左,1600,13
202205020107,7,4歳以上1勝クラス,天候 : 晴,ダート : 稍重,2022年4月23日,東京,16,7,14,1,1,4,8,5840,1440,470,480,12950,54220,11350,12130,2990,95800,242220,1460720,左,1400,13
202205020111,11,オアシスステークス(L),天候 : 晴,ダート : 稍重,2022年4月23日,東京,16,3,6,2,3,4,7,520,170,240,230,1810,1830,670,590,950,3380,3720,18480,左,1600,15
202205020112,12,4歳以上2勝クラス,天候 : 晴,ダート : 稍重,2022年4月23日,東京,16,4,7,7,13,8,16,490,220,210,280,1130,1640,690,900,930,3270,4060,21790,左,1400,16
202205020201,1,3歳未勝利,天候 : 曇,ダート : 良,2022年4月24日,東京,16,5,9,8,16,3,6,170,110,150,1110,310,310,220,2360,3790,500,6500,13640,左,1400,10
202205020202,2,3歳未勝利,天候 : 曇,ダート : 良,2022年4月24日,東京,16,8,16,7,13,6,12,640,260,880,150,12410,13630,2690,500,2160,18950,14090,132680,左,1600,10
202205020206,6,3歳1勝クラス,天候 : 小雨,ダート : 良,2022年4月24日,東京,16,7,14,4,8,1,1,160,110,210,480,250,650,290,920,3050,740,5710,12440,左,1400,13
202205020207,7,4歳以上1勝クラス,天候 : 雨,ダート : 良,2022年4月24日,東京,11,4,4,1,1,5,5,160,110,140,180,340,350,160,280,460,540,690,1860,左,1600,13
202205020210,10,鎌倉ステークス ,天候 : 雨,ダート : 稍重,2022年4月24日,東京,16,4,8,8,16,6,12,140,110,650,150,790,3320,1110,210,3490,3960,5160,18030,左,1400,15
202205020212,12,4歳以上2勝クラス,天候 : 雨,ダート : 稍重,2022年4月24日,東京,16,7,14,8,15,3,5,360,170,250,1070,1100,1160,540,2860,5840,2030,16840,50460,左,1600,16
202205020301,1,3歳未勝利,天候 : 晴,ダート : 不良,2022年4月30日,東京,16,7,13,2,4,6,12,420,120,110,250,320,420,190,550,480,1090,1230,6300,左,1400,10
202205020302,2,3歳未勝利,天候 : 晴,ダート : 不良,2022年4月30日,東京,16,3,6,2,4,6,12,1230,420,150,270,1640,2230,930,1780,410,5110,5280,28660,左,1600,10
202205020303,3,3歳未勝利,天候 : 晴,ダート : 不良,2022年4月30日,東京,16,4,7,7,14,8,16,270,120,160,180,660,720,340,400,630,1510,1870,6960,左,1300,11
202205020306,6,3歳1勝クラス,天候 : 晴,ダート : 重,2022年4月30日,東京,11,6,7,2,2,7,8,390,150,300,110,4380,5670,1370,200,570,8200,2680,22680,左,1600,13
202205020308,8,4歳以上1勝クラス,天候 : 晴,ダート : 重,2022年4月30日,東京,14,1,1,6,9,5,7,320,150,130,750,420,430,240,2600,1420,1000,5650,16380,左,1600,14
202205020309,9,横浜ステークス ,天候 : 晴,ダート : 重,2022年4月30日,東京,14,6,10,6,9,1,1,1560,480,170,300,4830,4740,1580,3460,690,10730,12350,90110,左,2100,14
202205020312,12,4歳以上2勝クラス,天候 : 晴,ダート : 重,2022年4月30日,東京,14,4,6,6,10,6,9,1840,430,360,300,1940,9900,2410,2330,1330,25040,24370,204650,左,2100,16
202205020401,1,3歳未勝利,天候 : 曇,ダート : 稍重,2022年5月1日,東京,16,3,5,7,13,5,10,140,110,1790,250,720,13430,3710,390,18240,16170,26340,104430,左,1600,9
202205020402,2,3歳未勝利,天候 : 曇,ダート : 稍重,2022年5月1日,東京,16,3,6,2,4,2,3,1440,350,740,180,1610,19640,4970,1130,1640,40430,24290,217750,左,1400,10
202205020403,3,3歳未勝利,天候 : 曇,ダート : 稍重,2022年5月1日,東京,16,7,13,4,7,6,12,1850,300,110,120,3100,3050,780,830,180,8260,2040,24180,左,2100,10
202205020407,7,4歳以上1勝クラス,天候 : 雨,ダート : 稍重,2022年5月1日,東京,16,1,1,2,4,7,14,1000,200,120,340,370,790,340,2220,610,2590,4590,34240,左,1400,13
202205020410,10,ブリリアントS(L),天候 : 雨,ダート : 不良,2022年5月1日,東京,16,8,16,3,6,8,15,460,200,250,280,1180,1660,720,940,1300,2920,6220,27210,左,2100,14
202205020412,12,4歳以上2勝クラス,天候 : 雨,ダート : 不良,2022年5月1日,東京,16,5,9,3,6,4,7,230,140,330,2050,920,1280,610,5590,13310,2130,43320,142610,左,1300,16
202205020501,1,3歳未勝利,天候 : 曇,ダート : 良,2022年5月7日,東京,16,6,12,8,16,4,8,590,200,210,700,720,1570,720,3470,2660,2910,22780,77870,左,1600,10
202205020502,2,3歳未勝利,天候 : 曇,ダート : 良,2022年5月7日,東京,16,8,15,2,4,8,16,530,190,420,230,2930,4630,1400,650,1610,8710,9220,58020,左,1300,10
202205020503,3,3歳未勝利,天候 : 曇,ダート : 良,2022年5月7日,東京,16,5,9,3,5,2,4,650,310,230,380,3060,3380,1120,2260,1120,5190,15090,69930,左,1400,11
202205020505,5,3歳未勝利,天候 : 曇,ダート : 良,2022年5月7日,東京,13,5,7,4,5,3,3,130,110,3400,560,4920,12680,4870,820,14510,11890,80260,222140,左,2100,12
202205020506,6,3歳1勝クラス,天候 : 曇,ダート : 良,2022年5月7日,東京,13,7,11,8,12,1,1,190,110,140,220,280,380,200,420,830,610,1610,3760,左,1400,13
202205020508,8,4歳以上1勝クラス,天候 : 曇,ダート : 良,2022年5月7日,東京,16,5,9,2,4,5,10,380,130,400,110,1140,6040,1230,170,920,10120,1600,17190,左,1600,14
202205020510,10,立夏ステークス ,天候 : 晴,ダート : 良,2022年5月7日,東京,16,3,6,3,5,5,10,250,140,240,260,1250,1280,490,470,1450,1870,3180,11380,左,1600,15
202205020601,1,3歳未勝利,天候 : 晴,ダート : 良,2022年5月8日,東京,16,4,7,1,1,7,14,340,120,120,160,440,450,200,330,310,990,720,2860,左,1400,10
202205020602,2,3歳未勝利,天候 : 晴,ダート : 良,2022年5月8日,東京,16,3,6,7,13,6,12,160,110,500,310,3800,4710,1220,410,6940,5480,10330,45180,左,1600,10
202205020605,5,3歳1勝クラス,天候 : 曇,ダート : 良,2022年5月8日,東京,13,5,7,2,2,7,10,480,200,1370,220,7820,20330,5270,820,5030,28840,46020,265870,左,1600,12
202205020606,6,4歳以上1勝クラス,天候 : 曇,ダート : 良,2022年5月8日,東京,16,4,7,4,8,7,14,920,230,350,120,6330,6120,1890,440,800,14110,5010,47020,左,1300,12
202205020608,8,4歳以上2勝クラス,天候 : 曇,ダート : 良,2022年5月8日,東京,16,2,4,5,10,3,5,660,200,220,220,470,2780,860,660,900,6060,4990,29310,左,1400,13
202205020612,12,立川特別 ,天候 : 曇,ダート : 良,2022年5月8日,東京,16,6,12,5,9,8,15,430,190,160,550,750,750,380,2110,1560,1670,6320,26640,左,1600,16
202205020701,1,3歳未勝利,天候 : 小雨,ダート : 不良,2022年5月14日,東京,12,7,10,3,3,2,2,260,120,110,160,370,400,190,290,280,790,770,2440,左,1600,10
202205020702,2,3歳未勝利,天候 : 曇,ダート : 不良,2022年5月14日,東京,14,1,1,8,14,3,4,460,200,540,450,900,4860,1840,1510,3630,7250,21270,100000,左,1600,10
202205020703,3,3歳未勝利,天候 : 曇,ダート : 不良,2022年5月14日,東京,14,8,14,8,13,5,7,440,170,140,150,850,840,280,430,330,1480,1090,5700,左,1300,11
202205020706,6,3歳1勝クラス,天候 : 曇,ダート : 不良,2022年5月14日,東京,16,2,3,7,13,3,5,240,130,330,440,1590,2000,870,1040,4260,2830,11770,40150,左,1400,12
202205020707,7,3歳1勝クラス,天候 : 曇,ダート : 不良,2022年5月14日,東京,16,4,7,7,14,2,4,400,180,550,150,2090,6820,2440,340,2050,10550,8810,56150,左,2100,13
202205020709,9,日吉特別 ,天候 : 曇,ダート : 重,2022年5月14日,東京,15,7,12,1,1,5,9,370,190,1250,250,12470,22910,5150,730,7180,23800,37870,251680,左,1400,14
202205020712,12,4歳以上2勝クラス,天候 : 曇,ダート : 重,2022年5月14日,東京,13,4,5,4,4,2,2,1120,330,540,390,8660,8560,2740,2310,2550,17300,35980,190950,左,1600,16
202205020801,1,3歳未勝利,天候 : 曇,ダート : 重,2022年5月15日,東京,13,5,6,6,9,4,5,140,100,670,130,4050,4530,1150,130,2440,5770,3620,20450,左,1400,10
202205020802,2,3歳未勝利,天候 : 曇,ダート : 重,2022年5月15日,東京,14,1,1,5,7,7,11,430,180,230,190,1430,1600,770,620,670,2980,2840,12710,左,1600,10
202205020806,6,4歳以上1勝クラス,天候 : 曇,ダート : 重,2022年5月15日,東京,11,3,3,1,1,2,2,150,110,180,270,660,560,280,520,1190,720,2280,4880,左,2100,12
202205020807,7,4歳以上1勝クラス,天候 : 曇,ダート : 重,2022年5月15日,東京,11,2,2,8,11,7,9,700,170,150,120,1150,1880,690,290,280,3980,1320,11970,左,1600,13
202205020810,10,青竜ステークス ,天候 : 曇,ダート : 稍重,2022年5月15日,東京,13,3,3,7,10,8,12,990,340,220,580,1220,3660,1200,3400,2290,6930,25800,140230,左,1600,15
202205020812,12,BSイレブン賞 ,天候 : 曇,ダート : 稍重,2022年5月15日,東京,16,3,5,6,12,4,7,410,180,230,260,560,1410,620,690,960,2700,3870,17210,左,1400,16
202205020901,1,3歳未勝利,天候 : 小雨,ダート : 良,2022年5月21日,東京,16,5,9,7,13,7,14,200,120,350,980,900,1230,560,1780,4940,1730,16900,44470,左,1600,10
202205020902,2,3歳未勝利,天候 : 雨,ダート : 良,2022年5月21日,東京,16,1,1,1,2,3,5,650,180,140,140,1280,1260,490,360,250,2510,1240,7240,左,1300,10
202205020903,3,3歳未勝利,天候 : 小雨,ダート : 良,2022年5月21日,東京,16,6,11,5,10,7,14,300,170,950,830,4580,4590,1300,1900,12170,6130,33080,124440,左,1400,11
202205020905,5,3歳未勝利,天候 : 雨,ダート : 良,2022年5月21日,東京,11,5,5,7,8,6,6,170,110,250,790,280,1800,600,1130,5090,2430,12630,32090,左,2100,12
202205020908,8,4歳以上1勝クラス,天候 : 雨,ダート : 稍重,2022年5月21日,東京,15,6,10,7,13,5,9,8630,1370,220,160,9180,24540,6570,4440,500,38900,26560,187970,左,1400,14
202205020912,12,4歳以上2勝クラス,天候 : 曇,ダート : 稍重,2022年5月21日,東京,16,1,2,6,11,5,9,2130,560,780,410,3620,29610,7440,3450,5800,60460,98190,720600,左,1600,16
202205021001,1,3歳未勝利,天候 : 晴,ダート : 稍重,2022年5月22日,東京,16,2,3,4,8,1,1,120,100,150,330,250,350,200,530,1290,440,1560,3160,左,1400,10
202205021002,2,3歳未勝利,天候 : 晴,ダート : 稍重,2022年5月22日,東京,15,5,9,4,7,4,6,260,150,290,170,550,2160,810,410,930,3240,3310,12600,左,1600,10
202205021005,5,3歳1勝クラス,天候 : 晴,ダート : 良,2022年5月22日,東京,16,6,12,6,11,1,1,260,110,150,160,610,550,250,290,540,1050,960,4470,左,1400,12
202205021006,6,4歳以上1勝クラス,天候 : 晴,ダート : 良,2022年5月22日,東京,16,6,12,7,14,3,6,1140,340,140,870,510,1520,660,4860,2150,3910,16060,78480,左,1600,12
202205021008,8,是政特別 ,天候 : 晴,ダート : 良,2022年5月22日,東京,13,6,8,4,4,3,3,430,160,280,240,1860,2170,730,610,1110,3690,4640,22160,左,2100,13
202205021012,12,丹沢ステークス ,天候 : 晴,ダート : 良,2022年5月22日,東京,16,2,3,5,9,4,8,730,250,160,460,970,1470,590,2150,1060,3360,8490,41410,左,2100,16
202205021101,1,3歳未勝利,天候 : 晴,ダート : 重,2022年5月28日,東京,15,5,9,2,2,2,3,210,110,320,160,450,1490,580,240,940,2610,1840,8220,左,1600,10
202205021102,2,3歳未勝利,天候 : 晴,ダート : 重,2022年5月28日,東京,16,4,7,6,11,3,6,230,140,1840,590,740,13660,4150,940,10210,20600,48160,190510,左,1400,10
202205021104,4,3歳未勝利,天候 : 晴,ダート : 重,2022年5月28日,東京,16,2,4,1,2,6,12,300,130,310,120,1910,2300,590,180,640,3320,1200,8120,左,1300,11
202205021108,8,4歳以上1勝クラス,天候 : 晴,ダート : 稍重,2022年5月28日,東京,13,1,1,5,6,6,8,350,140,120,190,580,600,240,430,440,1050,1320,5150,左,1600,14
202205021109,9,富嶽賞 ,天候 : 晴,ダート : 稍重,2022年5月28日,東京,16,4,8,7,13,5,10,1910,390,470,130,7700,14940,4650,700,1020,25910,10070,107000,左,1400,14
202205021111,11,欅ステークス ,天候 : 晴,ダート : 稍重,2022年5月28日,東京,16,4,8,5,10,7,13,160,110,160,940,440,440,230,1790,4530,570,7610,16710,左,1400,15
202205021112,12,4歳以上2勝クラス,天候 : 晴,ダート : 稍重,2022年5月28日,東京,11,7,8,8,10,5,5,530,310,260,310,1290,1300,410,530,510,2430,2420,11450,左,1600,16
202205021201,1,3歳未勝利,天候 : 晴,ダート : 稍重,2022年5月29日,東京,16,6,11,3,6,1,1,160,110,140,170,440,500,240,310,640,750,1200,3500,左,1600,9
202205021202,2,3歳未勝利,天候 : 晴,ダート : 稍重,2022年5月29日,東京,16,2,3,8,16,7,14,800,370,760,460,6530,6480,1860,1420,2620,11540,17370,97200,左,1400,10
202205021203,3,3歳未勝利,天候 : 晴,ダート : 稍重,2022年5月29日,東京,12,7,9,8,12,6,8,1050,310,120,200,790,1210,550,980,320,3540,2180,17630,左,2100,10
202205021205,5,3歳1勝クラス,天候 : 晴,ダート : 良,2022年5月29日,東京,16,7,13,5,10,2,3,2050,610,200,1450,3130,4940,2150,11920,4220,11450,73710,456230,左,1600,12
202205021206,6,4歳以上1勝クラス,天候 : 晴,ダート : 良,2022年5月29日,東京,16,8,15,3,5,7,13,1430,380,130,120,1980,2810,840,1030,260,6060,2830,23690,左,1400,12
202205021209,9,薫風ステークス ,天候 : 晴,ダート : 良,2022年5月29日,東京,13,7,11,8,12,5,7,630,240,360,180,1680,4090,1240,720,1160,7180,5570,36810,左,1600,14
202205030102,2,3歳未勝利,天候 : 晴,ダート : 稍重,2022年6月4日,東京,15,4,7,6,10,4,6,650,140,110,280,320,360,190,840,480,1110,1360,8550,左,1400,10
202205030103,3,3歳未勝利,天候 : 晴,ダート : 稍重,2022年6月4日,東京,16,6,12,8,15,3,5,320,140,210,310,1030,960,380,790,1350,1540,3890,15180,左,1600,11
202205030106,6,3歳未勝利,天候 : 晴,ダート : 良,2022年6月4日,東京,16,2,4,3,5,5,9,260,130,350,300,1720,2140,820,440,2620,3360,6380,23200,左,1300,13
202205030108,8,3歳以上1勝クラス,天候 : 晴,ダート : 良,2022年6月4日,東京,16,6,11,1,2,6,12,200,130,220,380,1080,1080,480,620,2240,1630,5740,16760,左,1600,14
202205030111,11,アハルテケステークス ,天候 : 晴,ダート : 良,2022年6月4日,東京,16,5,10,7,13,4,8,200,130,440,460,1950,2590,1090,900,4860,4340,15610,58340,左,1600,15
202205030112,12,3歳以上2勝クラス,天候 : 晴,ダート : 良,2022年6月4日,東京,16,1,2,8,15,5,10,1900,510,670,570,1020,16490,3800,4840,5620,38240,100410,560430,左,1400,16
202205030201,1,3歳未勝利,天候 : 晴,ダート : 良,2022年6月5日,東京,11,6,7,8,11,5,5,140,110,360,280,220,1990,770,480,3750,2800,6100,17540,左,1600,10
202205030202,2,3歳未勝利,天候 : 晴,ダート : 良,2022年6月5日,東京,15,8,14,6,11,5,8,880,280,320,420,750,4980,1310,1710,2220,10500,18540,98980,左,2100,10
202205030203,3,3歳未勝利,天候 : 晴,ダート : 良,2022年6月5日,東京,15,1,1,4,7,4,6,810,220,130,210,700,890,400,1020,450,2110,2540,14720,左,1400,11
202205030207,7,3歳以上1勝クラス,天候 : 曇,ダート : 良,2022年6月5日,東京,16,6,12,2,3,7,13,530,210,210,190,780,2710,910,730,500,4440,4880,28140,左,1400,13
202205030210,10,麦秋ステークス ,天候 : 曇,ダート : 良,2022年6月5日,東京,16,8,15,5,10,4,8,430,190,370,220,2770,3410,930,740,1410,5030,6590,32370,左,1400,15
202205030212,12,小金井特別 ,天候 : 曇,ダート : 良,2022年6月5日,東京,10,8,9,1,1,3,3,300,150,420,910,1960,3240,990,2400,4800,4640,22450,93060,左,1600,16
202205030302,2,3歳未勝利,天候 : 曇,ダート : 良,2022年6月11日,東京,15,4,6,7,13,7,12,510,170,120,890,550,660,330,4520,1150,1620,5990,33300,左,1600,10
202205030303,3,3歳未勝利,天候 : 曇,ダート : 良,2022年6月11日,東京,16,2,4,1,1,5,10,1340,350,170,180,550,3820,1190,1400,660,8470,6890,58990,左,1400,11
202205030306,6,3歳未勝利,天候 : 曇,ダート : 良,2022年6月11日,東京,11,6,6,4,4,6,7,1530,340,160,150,580,3620,1170,1020,280,9120,3520,31260,左,2100,13
202205030307,7,3歳以上1勝クラス,天候 : 曇,ダート : 良,2022年6月11日,東京,16,8,16,2,4,4,7,3600,450,220,120,8300,13210,3090,1000,360,43170,5800,126250,左,1600,13
202205030309,9,青梅特別 ,天候 : 曇,ダート : 良,2022年6月11日,東京,16,5,9,5,10,7,13,510,250,300,1090,3110,3370,1070,3510,5350,5440,38000,140510,左,1600,14
202205030312,12,3歳以上1勝クラス,天候 : 曇,ダート : 良,2022年6月11日,東京,16,2,3,4,7,6,11,1780,280,230,120,1330,8600,1930,550,580,21210,5180,80400,左,1400,16
202205030401,1,3歳未勝利,天候 : 晴,ダート : 稍重,2022年6月12日,東京,11,7,8,4,4,6,7,140,100,130,310,250,280,160,560,1150,360,1650,3480,左,1600,10
202205030402,2,3歳未勝利,天候 : 晴,ダート : 稍重,2022年6月12日,東京,11,1,1,8,10,2,2,580,180,110,1210,440,440,270,7290,2440,1520,13070,80990,左,1600,10
202205030403,3,3歳未勝利,天候 : 晴,ダート : 稍重,2022年6月12日,東京,16,3,6,4,8,2,4,3070,640,2140,1030,3370,87210,17360,6500,19570,176310,396340,2742710,左,1400,11
202205030407,7,3歳以上1勝クラス,天候 : 雨,ダート : 稍重,2022年6月12日,東京,13,6,8,4,5,7,11,780,240,390,240,2720,6160,1890,750,2560,12030,14190,68480,左,2100,13
202205030409,9,八王子特別 ,天候 : 晴,ダート : 重,2022年6月12日,東京,16,1,1,6,12,7,13,330,140,150,230,500,800,360,460,600,1560,1920,8860,左,2100,14
202205030410,10,夏至ステークス ,天候 : 晴,ダート : 重,2022年6月12日,東京,15,8,15,4,6,7,13,4060,950,220,1470,1880,12980,3600,18140,5830,34930,205080,1187160,左,1600,15
202205030502,2,3歳未勝利,天候 : 曇,ダート : 良,2022年6月18日,東京,14,2,2,7,12,7,11,700,150,110,140,520,790,290,480,220,2030,940,6880,左,1600,10
202205030503,3,3歳未勝利,天候 : 曇,ダート : 良,2022年6月18日,東京,16,1,1,3,5,8,16,210,120,1970,210,3500,12020,3370,330,7290,14750,14450,79880,左,1300,11
202205030506,6,3歳未勝利,天候 : 曇,ダート : 良,2022年6月18日,東京,16,1,1,6,11,6,12,2120,430,1460,230,3640,34850,9020,1640,3360,85970,60570,516120,左,2100,13
202205030507,7,3歳未勝利,天候 : 曇,ダート : 良,2022年6月18日,東京,16,8,15,1,1,6,12,1000,300,180,160,1770,2830,990,840,480,6140,4410,28830,左,1400,13
202205030509,9,三浦特別 ,天候 : 曇,ダート : 良,2022年6月18日,東京,16,2,3,3,6,4,7,210,120,120,750,220,230,150,1940,1980,390,4380,12060,左,1400,14
202205030511,11,スレイプニルS ,天候 : 曇,ダート : 良,2022年6月18日,東京,12,8,12,5,6,8,11,5440,1280,630,300,1070,58980,12510,4660,2060,140690,134630,1265930,左,2100,15
202205030602,2,3歳未勝利,天候 : 晴,ダート : 良,2022年6月19日,東京,16,4,7,5,10,3,5,1330,400,3380,220,7500,124440,22040,1030,8740,220330,146900,1315680,左,1400,10
202205030603,3,3歳未勝利,天候 : 晴,ダート : 良,2022年6月19日,東京,16,8,16,6,12,5,9,420,190,290,150,2080,2500,680,600,1030,3640,3620,24660,左,1600,11
202205030606,6,2歳新馬,天候 : 晴,ダート : 良,2022年6月19日,東京,16,6,11,6,12,1,2,3280,720,180,1460,4350,4180,1190,13160,3810,15140,89670,585300,左,1400,13
202205030607,7,3歳以上1勝クラス,天候 : 晴,ダート : 良,2022年6月19日,東京,16,1,1,7,14,4,8,240,140,670,150,2400,4070,1770,250,2280,6450,5100,28350,左,1600,13
202205030611,11,第27回ユニコーンステークス(G3),天候 : 晴,ダート : 良,2022年6月19日,東京,15,3,5,2,2,7,12,2010,570,610,540,3740,23180,6780,2570,5860,46910,95540,624210,左,1600,15
202205030612,12,3歳以上1勝クラス,天候 : 晴,ダート : 良,2022年6月19日,東京,16,2,3,6,12,6,11,480,180,230,260,630,2840,690,740,830,5560,6490,35620,左,1400,16
202205030702,2,3歳未勝利,天候 : 晴,ダート : 良,2022年6月25日,東京,16,2,3,4,7,1,1,4730,850,210,150,2390,15110,3770,2510,520,39060,15300,197940,左,1300,10
202205030703,3,3歳未勝利,天候 : 晴,ダート : 良,2022年6月25日,東京,16,6,12,6,11,2,3,280,140,1520,290,11120,11680,3580,530,10670,15990,27990,128360,左,1600,11
202205030704,4,3歳未勝利,天候 : 晴,ダート : 良,2022年6月25日,東京,16,2,4,5,9,8,16,1020,320,160,410,480,1810,750,2190,800,5140,6560,57460,左,2100,11
202205030707,7,3歳以上1勝クラス,天候 : 晴,ダート : 良,2022年6月25日,東京,16,2,3,1,1,1,2,470,190,170,700,710,920,450,2010,2020,2160,8360,34230,左,1600,13
202205030709,9,清里特別 ,天候 : 晴,ダート : 良,2022年6月25日,東京,16,1,1,7,13,7,14,550,150,110,240,330,560,280,830,420,1640,1900,11310,左,1400,14
202205030710,10,日野特別 ,天候 : 晴,ダート : 良,2022年6月25日,東京,16,2,4,3,6,1,2,2050,580,150,300,2990,2830,700,4090,780,9350,13790,97900,左,1600,15
202205030801,1,3歳未勝利,天候 : 晴,ダート : 良,2022年6月26日,東京,16,5,9,5,10,8,16,440,170,250,310,1440,1690,540,740,1110,3110,4480,22810,左,1600,9
202205030802,2,3歳未勝利,天候 : 晴,ダート : 良,2022年6月26日,東京,16,7,13,8,16,1,1,1900,450,400,290,3630,8680,2290,2190,1800,19270,24350,186440,左,1400,10
202205030804,4,3歳未勝利,天候 : 晴,ダート : 良,2022年6月26日,東京,16,8,16,1,2,7,14,380,170,550,200,2360,4730,1520,420,2150,9530,8300,43770,左,1600,11
202205030808,8,3歳以上1勝クラス,天候 : 晴,ダート : 良,2022年6月26日,東京,16,3,5,1,1,4,7,780,200,170,150,910,1320,520,580,420,3510,1980,15280,左,2100,13
202205030810,10,甲州街道ステークス ,天候 : 晴,ダート : 良,2022年6月26日,東京,16,7,14,4,8,6,11,1270,380,220,210,2760,3790,1180,870,700,10370,7930,46040,左,1600,14
202205030812,12,3歳以上1勝クラス,天候 : 晴,ダート : 良,2022年6月26日,東京,16,2,3,8,15,5,10,880,270,430,500,1850,5390,1560,1680,3360,10040,27160,130330,左,1400,16
202205040101,1,2歳未勝利,天候 : 曇,ダート : 重,2022年10月8日,東京,16,7,14,2,4,4,7,180,110,400,340,1770,1770,790,600,2780,2410,6540,21170,左,1400,10
202205040102,2,2歳未勝利,天候 : 曇,ダート : 重,2022年10月8日,東京,15,4,7,3,5,7,13,550,190,120,240,440,580,310,1050,660,1620,3750,16620,左,1600,10
202205040104,4,2歳新馬,天候 : 曇,ダート : 重,2022年10月8日,東京,16,2,3,5,9,7,14,2190,380,170,200,2900,3120,950,1260,520,8240,6580,61550,左,1300,11
202205040108,8,3歳以上1勝クラス,天候 : 曇,ダート : 重,2022年10月8日,東京,13,6,9,8,13,6,8,630,190,200,320,410,1460,550,960,950,3090,5270,28630,左,2100,14
202205040110,10,西湖特別 ,天候 : 曇,ダート : 重,2022年10月8日,東京,16,8,16,1,1,6,11,160,110,300,1810,560,1100,430,3040,10580,1410,30560,78940,左,1600,15
202205040112,12,3歳以上1勝クラス,天候 : 曇,ダート : 重,2022年10月8日,東京,16,1,2,4,7,1,1,470,160,190,200,800,1120,440,420,660,2440,1960,10580,左,1400,16
202205040201,1,2歳未勝利,天候 : 曇,ダート : 稍重,2022年10月9日,東京,16,2,4,6,12,3,5,820,230,320,150,4090,6160,1640,560,820,10690,5800,53900,左,1400,10
202205040204,4,2歳新馬,天候 : 曇,ダート : 稍重,2022年10月9日,東京,16,7,14,1,1,8,16,490,190,860,210,1730,8160,2580,610,3200,11350,15100,82590,左,1600,11
202205040206,6,3歳以上1勝クラス,天候 : 曇,ダート : 稍重,2022年10月9日,東京,16,6,12,4,8,4,7,360,160,350,310,740,3160,1310,980,1730,5820,10080,45920,左,1400,13
202205040207,7,3歳以上1勝クラス,天候 : 曇,ダート : 稍重,2022年10月9日,東京,14,5,7,7,11,1,1,310,180,160,900,700,840,400,2120,2370,1290,9450,29840,左,1600,13
202205040210,10,神無月ステークス ,天候 : 曇,ダート : 稍重,2022年10月9日,東京,16,7,14,4,7,2,3,650,240,150,520,920,1290,580,2880,1200,2780,10060,46480,左,1600,15
202205040212,12,3歳以上2勝クラス,天候 : 小雨,ダート : 稍重,2022年10月9日,東京,16,5,9,6,11,1,1,270,160,450,2300,1470,2180,910,5780,22220,3280,80450,211640,左,1400,16
202205040301,1,2歳未勝利,天候 : 晴,ダート : 不良,2022年10月10日,東京,14,5,7,1,1,5,8,210,110,140,160,360,490,210,290,480,720,920,2510,左,1600,10
202205040306,6,2歳新馬,天候 : 曇,ダート : 重,2022年10月10日,東京,16,3,6,2,4,8,15,1510,350,210,280,2710,3090,1110,1970,870,7650,10340,76450,左,1400,12
202205040307,7,3歳以上1勝クラス,天候 : 曇,ダート : 重,2022年10月10日,東京,13,4,5,5,7,8,12,250,130,150,560,410,460,240,1580,2510,770,5820,16680,左,1600,13
202205040309,9,昇仙峡特別 ,天候 : 曇,ダート : 重,2022年10月10日,東京,16,7,14,6,12,4,7,350,140,390,190,1940,4010,1240,520,1580,6330,7310,46380,左,2100,14
202205040311,11,グリーンチャンネルC(L),天候 : 曇,ダート : 重,2022年10月10日,東京,16,8,15,2,3,7,14,360,200,330,230,1020,2840,1040,830,1500,3910,7380,26160,左,1600,15
202205040312,12,3歳以上1勝クラス,天候 : 曇,ダート : 重,2022年10月10日,東京,16,3,5,2,4,1,2,250,130,260,680,980,1480,560,1780,4450,2150,15250,49870,左,1300,16
202205040401,1,2歳未勝利,天候 : 曇,ダート : 稍重,2022年10月15日,東京,9,8,9,7,7,1,1,270,100,100,130,130,140,110,190,190,380,220,850,左,1600,10
202205040404,4,3歳以上1勝クラス,天候 : 曇,ダート : 稍重,2022年10月15日,東京,12,5,5,7,9,6,7,1020,270,180,220,1490,2340,830,1040,720,5500,4960,32200,左,1400,11
202205040406,6,3歳以上1勝クラス,天候 : 曇,ダート : 稍重,2022年10月15日,東京,12,6,7,3,3,6,8,130,110,1970,190,8270,17500,4170,320,11910,17110,33170,89730,左,1600,13
202205040409,9,プラタナス賞 ,天候 : 晴,ダート : 稍重,2022年10月15日,東京,8,8,8,5,5,4,4,180,110,110,170,230,0,140,390,380,360,820,2290,左,1600,14
202205040412,12,3歳以上2勝クラス,天候 : 晴,ダート : 稍重,2022年10月15日,東京,16,4,7,6,11,3,5,1640,450,310,350,4570,5470,1570,2610,2020,10210,28070,161740,左,1300,16
202205040501,1,2歳未勝利,天候 : 曇,ダート : 良,2022年10月16日,東京,11,6,6,6,7,8,10,140,100,100,100,330,360,160,120,220,440,270,820,左,1400,9
202205040504,4,2歳新馬,天候 : 曇,ダート : 良,2022年10月16日,東京,15,7,13,8,14,3,4,290,150,320,160,1000,1770,740,340,1190,3080,2820,15310,左,1600,11
202205040506,6,3歳以上1勝クラス,天候 : 曇,ダート : 良,2022年10月16日,東京,9,6,6,7,7,1,1,230,110,120,150,600,590,260,350,340,930,920,2980,左,1300,12
202205040508,8,3歳以上2勝クラス,天候 : 曇,ダート : 良,2022年10月16日,東京,15,1,1,2,2,6,10,1380,290,130,200,1160,1300,550,1520,340,2820,3020,20560,左,1600,13
202205040510,10,テレビ静岡賞 ,天候 : 曇,ダート : 良,2022年10月16日,東京,14,6,10,8,14,4,6,740,280,330,1370,1540,3220,830,6280,4990,6640,55350,257900,左,1400,14
202205040601,1,2歳未勝利,天候 : 曇,ダート : 良,2022年10月22日,東京,13,5,7,4,4,5,6,380,150,680,130,1320,7820,1830,250,1800,10210,5000,35950,左,1600,10
202205040602,2,2歳未勝利,天候 : 曇,ダート : 良,2022年10月22日,東京,14,7,11,8,13,1,1,2040,440,220,160,870,5130,1520,960,420,15610,4890,54000,左,1400,10
202205040606,6,2歳新馬,天候 : 曇,ダート : 良,2022年10月22日,東京,16,8,15,7,13,1,1,610,190,340,180,1760,3860,1000,720,1210,7340,7020,44870,左,1600,13
202205040607,7,3歳以上1勝クラス,天候 : 曇,ダート : 良,2022年10月22日,東京,13,6,9,3,3,6,8,580,160,180,140,750,1930,570,330,440,3680,2110,13320,左,1600,13
202205040608,8,3歳以上2勝クラス,天候 : 曇,ダート : 良,2022年10月22日,東京,16,4,7,8,16,5,10,170,110,160,140,490,630,290,230,590,820,1090,3320,左,1400,14
202205040610,10,赤富士ステークス ,天候 : 曇,ダート : 良,2022年10月22日,東京,11,6,6,5,5,8,11,290,140,230,180,1940,1890,600,350,1040,2710,2720,13160,左,2100,15
202205040701,1,2歳未勝利,天候 : 晴,ダート : 良,2022年10月23日,東京,14,3,4,7,11,5,8,140,110,1120,140,620,6120,1620,230,6460,5650,10720,45810,左,1600,9
202205040703,3,2歳新馬,天候 : 晴,ダート : 良,2022年10月23日,東京,16,5,9,3,5,1,1,1240,340,410,250,4150,5690,1570,1520,1730,9720,16710,95400,左,1400,10
202205040707,7,3歳以上1勝クラス,天候 : 晴,ダート : 良,2022年10月23日,東京,14,5,7,3,3,8,14,130,110,370,250,1090,2070,740,390,3610,2140,5870,18980,左,1600,13
202205040708,8,3歳以上1勝クラス,天候 : 晴,ダート : 良,2022年10月23日,東京,11,6,7,3,3,8,10,430,150,210,190,1160,1230,470,360,560,2750,1330,10910,左,1400,13
202205040711,11,ブラジルカップ(L),天候 : 晴,ダート : 良,2022年10月23日,東京,15,6,11,2,3,6,10,280,150,330,230,740,2770,1090,450,1970,4210,7540,38320,左,2100,15
202205040712,12,3歳以上2勝クラス,天候 : 晴,ダート : 良,2022年10月23日,東京,13,8,12,7,10,5,7,3830,630,290,140,3410,20470,4420,1270,430,45150,10950,153220,左,1600,16
202205040801,1,2歳未勝利,天候 : 晴,ダート : 良,2022年10月29日,東京,11,7,8,7,9,8,10,1170,240,110,170,1240,910,360,680,260,2440,1060,7740,左,1600,10
202205040802,2,2歳未勝利,天候 : 晴,ダート : 良,2022年10月29日,東京,16,1,2,5,10,4,8,10750,1930,240,190,1030,32330,5840,4190,520,79570,27170,380070,左,1300,10
202205040806,6,3歳以上1勝クラス,天候 : 晴,ダート : 良,2022年10月29日,東京,12,8,12,7,9,7,10,650,170,130,340,590,770,320,1360,960,2090,3840,20250,左,2100,13
202205040807,7,3歳以上1勝クラス,天候 : 晴,ダート : 良,2022年10月29日,東京,13,5,7,6,8,8,12,840,410,4370,770,1830,73610,17620,3770,34840,120320,503130,2586500,左,1400,13
202205040809,9,伊勢佐木特別 ,天候 : 晴,ダート : 良,2022年10月29日,東京,16,7,14,5,9,6,11,290,130,170,160,660,840,380,380,620,1360,1800,6330,左,2100,14
202205040812,12,3歳以上2勝クラス,天候 : 晴,ダート : 良,2022年10月29日,東京,16,2,4,2,3,8,16,170,110,150,150,380,390,220,250,400,510,720,2010,左,1400,16
202205040901,1,2歳未勝利,天候 : 晴,ダート : 良,2022年10月30日,東京,14,4,5,5,7,8,13,810,300,240,160,790,2880,940,680,600,6110,4190,28990,左,1400,10
202205040904,4,2歳新馬,天候 : 晴,ダート : 良,2022年10月30日,東京,15,3,5,3,4,6,11,180,110,160,130,810,690,340,230,530,900,1000,3230,左,1600,11
202205040907,7,3歳以上1勝クラス,天候 : 晴,ダート : 良,2022年10月30日,東京,10,4,4,5,5,8,10,170,110,270,160,1340,1340,400,220,820,1570,1370,5040,左,1600,13
202205040910,10,ペルセウスステークス ,天候 : 晴,ダート : 良,2022年10月30日,東京,16,7,13,5,10,2,3,140,110,140,340,280,310,190,700,1730,410,2100,4190,左,1400,15
202205040912,12,秋嶺ステークス ,天候 : 晴,ダート : 良,2022年10月30日,東京,16,6,12,7,13,2,3,350,180,530,670,1130,2920,1110,1540,7930,4910,29510,85360,左,1300,16
202205050101,1,2歳未勝利,天候 : 曇,ダート : 良,2022年11月5日,東京,16,1,2,4,8,2,3,290,150,810,210,310,9730,2010,420,3560,11920,13570,65960,左,1300,10
202205050102,2,2歳未勝利,天候 : 曇,ダート : 良,2022年11月5日,東京,14,6,10,8,13,4,5,770,320,470,190,3110,5520,1300,830,1160,9920,9590,53930,左,1600,10
202205050105,5,2歳新馬,天候 : 晴,ダート : 良,2022年11月5日,東京,16,8,16,1,2,7,14,1510,250,500,180,8640,12590,3030,730,1420,24730,12820,122450,左,1600,12
202205050107,7,3歳以上1勝クラス,天候 : 晴,ダート : 良,2022年11月5日,東京,14,3,3,4,6,5,7,270,140,170,210,380,940,350,380,630,1350,2010,6530,左,1600,13
202205050108,8,3歳以上1勝クラス,天候 : 晴,ダート : 良,2022年11月5日,東京,16,1,2,3,6,2,4,700,270,180,180,1270,2380,940,850,490,4410,3500,19890,左,1300,13
202205050109,9,神奈川新聞杯 ,天候 : 晴,ダート : 良,2022年11月5日,東京,16,7,14,6,11,2,4,1080,330,430,260,1170,5110,1760,1530,1510,13520,13070,110360,左,1600,14
202205050201,1,2歳未勝利,天候 : 晴,ダート : 良,2022年11月6日,東京,11,3,3,6,7,4,4,130,110,1730,350,3020,7760,2470,580,13560,10880,26890,98890,左,1600,10
202205050204,4,2歳新馬,天候 : 晴,ダート : 良,2022年11月6日,東京,16,2,4,5,9,6,12,1340,250,810,130,5700,23010,4500,490,1690,54090,14960,225740,左,1300,11
202205050207,7,3歳以上1勝クラス,天候 : 晴,ダート : 良,2022年11月6日,東京,12,8,12,6,7,4,4,610,220,190,120,610,3020,1050,470,340,4920,2930,16410,左,1600,13
202205050208,8,3歳以上2勝クラス,天候 : 晴,ダート : 良,2022年11月6日,東京,16,6,12,1,2,3,6,280,120,180,120,1200,1220,360,190,430,1800,960,6070,左,1400,13
202205050210,10,錦秋ステークス ,天候 : 晴,ダート : 良,2022年11月6日,東京,16,3,6,1,2,7,13,200,110,320,280,1070,1920,610,580,2640,2230,5830,18290,左,1600,15
202205050301,1,2歳未勝利,天候 : 晴,ダート : 良,2022年11月12日,東京,16,2,3,6,11,8,16,360,170,890,350,5350,7930,2400,810,6450,13080,32400,160820,左,1600,9
202205050304,4,2歳新馬,天候 : 晴,ダート : 良,2022年11月12日,東京,16,8,16,2,4,5,9,430,160,680,230,2960,5710,1500,570,2510,7780,10100,54250,左,1600,11
202205050307,7,3歳以上1勝クラス,天候 : 晴,ダート : 良,2022年11月12日,東京,13,7,11,3,3,7,10,570,240,120,190,510,1170,530,650,430,2210,2710,17680,左,2100,13
202205050308,8,3歳以上2勝クラス,天候 : 晴,ダート : 良,2022年11月12日,東京,16,3,6,2,4,4,8,140,110,250,210,1000,1000,440,330,1740,1260,2600,8320,左,1600,13
202205050309,9,オキザリス賞 ,天候 : 晴,ダート : 良,2022年11月12日,東京,16,1,2,6,12,5,9,230,120,140,160,430,490,230,350,410,780,880,2810,左,1400,14
202205050311,11,第27回東京中日S杯武蔵野S(G3),天候 : 晴,ダート : 良,2022年11月12日,東京,16,6,11,4,7,4,8,600,160,120,510,400,610,300,2280,1060,1810,3830,22320,左,1600,15
202205050401,1,2歳未勝利,天候 : 晴,ダート : 良,2022年11月13日,東京,16,7,13,5,9,2,4,1480,320,150,450,1750,1990,630,3120,850,5410,9720,72990,左,1400,9
202205050404,4,2歳未勝利,天候 : 晴,ダート : 良,2022年11月13日,東京,15,7,12,5,8,3,4,780,270,220,320,960,2250,910,1150,1110,4610,7600,56180,左,1600,11
202205050407,7,3歳以上1勝クラス,天候 : 曇,ダート : 良,2022年11月13日,東京,16,8,15,6,11,7,13,220,140,200,340,1190,1030,440,600,1970,1450,4390,13140,左,1600,13
202205050408,8,3歳以上2勝クラス,天候 : 曇,ダート : 良,2022年11月13日,東京,15,8,15,6,10,4,6,320,170,330,230,2280,2500,870,640,1250,3620,5680,21990,左,1300,13
202205050409,9,銀嶺ステークス ,天候 : 曇,ダート : 良,2022年11月13日,東京,14,7,12,5,7,1,1,260,120,210,130,1430,1450,450,210,620,2460,1470,10720,左,1400,14
202205050501,1,2歳未勝利,天候 : 晴,ダート : 良,2022年11月19日,東京,16,2,3,6,12,8,16,240,110,130,200,270,320,160,610,760,590,1510,4360,左,1300,9
202205050503,3,2歳未勝利,天候 : 晴,ダート : 良,2022年11月19日,東京,16,4,8,8,15,4,7,1330,190,210,110,510,6580,1410,380,360,15210,2860,39880,左,1600,10
202205050504,4,2歳新馬,天候 : 晴,ダート : 良,2022年11月19日,東京,16,4,8,3,5,8,16,210,120,150,740,510,440,240,2080,2480,800,8160,20540,左,1400,11
202205050507,7,3歳以上2勝クラス,天候 : 晴,ダート : 良,2022年11月19日,東京,16,2,4,2,3,4,7,710,220,150,210,1480,1600,590,980,560,3300,3610,22730,左,1400,13
202205050509,9,晩秋ステークス ,天候 : 晴,ダート : 良,2022年11月19日,東京,16,4,7,3,5,7,13,250,130,200,160,820,1170,470,290,720,1600,1780,7810,左,2100,14
202205050601,1,2歳未勝利,天候 : 曇,ダート : 良,2022年11月20日,東京,16,4,7,6,11,2,3,180,110,150,120,380,530,220,180,480,900,620,2600,左,1400,9
202205050604,4,3歳以上1勝クラス,天候 : 曇,ダート : 良,2022年11月20日,東京,16,8,15,4,8,6,12,550,170,190,190,1090,1470,530,690,680,3070,3240,18060,左,1400,11
202205050607,7,3歳以上1勝クラス,天候 : 曇,ダート : 良,2022年11月20日,東京,16,2,4,5,9,7,14,260,140,560,440,680,5730,1850,910,3950,8600,20870,85500,左,1600,13
202205050609,9,3歳以上2勝クラス,天候 : 小雨,ダート : 良,2022年11月20日,東京,16,6,12,8,15,4,7,480,180,110,430,610,570,300,1420,760,1560,2650,12890,左,2100,14
202205050611,11,霜月ステークス ,天候 : 小雨,ダート : 良,2022年11月20日,東京,14,8,14,4,5,3,3,210,140,210,430,470,900,420,1190,1920,1190,5350,14560,左,1400,15
202205050701,1,2歳未勝利,天候 : 小雨,ダート : 稍重,2022年11月26日,東京,16,4,7,8,16,7,13,230,110,170,160,650,690,310,270,520,960,1000,4800,左,1600,9
202205050706,6,2歳新馬,天候 : 曇,ダート : 稍重,2022年11月26日,東京,16,2,3,8,16,8,15,7760,1720,710,2200,4980,37410,9960,26730,16750,86750,695060,5022710,左,1600,12
202205050708,8,3歳以上2勝クラス,天候 : 曇,ダート : 稍重,2022年11月26日,東京,16,1,1,6,12,7,14,1710,480,180,870,820,4520,1530,9100,1840,10450,41520,187730,左,1400,13
202205050709,9,カトレアステークス ,天候 : 曇,ダート : 稍重,2022年11月26日,東京,10,8,9,7,7,3,3,390,150,170,310,680,800,350,670,710,1580,2670,11450,左,1600,14
202205050710,10,シャングリラS ,天候 : 曇,ダート : 稍重,2022年11月26日,東京,14,3,4,5,7,4,6,3350,700,310,250,5870,7590,2060,2210,800,21130,14840,139580,左,1400,14
202205050801,1,2歳未勝利,天候 : 晴,ダート : 稍重,2022年11月27日,東京,16,7,14,4,8,4,7,250,110,120,170,270,450,200,390,330,740,710,3640,左,1400,9
202205050803,3,2歳未勝利,天候 : 晴,ダート : 稍重,2022年11月27日,東京,16,5,9,8,15,4,8,580,170,130,190,380,860,390,560,420,1920,1880,11070,左,1600,10
202205050805,5,3歳以上1勝クラス,天候 : 晴,ダート : 稍重,2022年11月27日,東京,16,3,6,8,16,2,4,580,190,120,130,1040,1330,540,490,210,2480,1070,6770,左,1600,11
202205050807,7,3歳以上1勝クラス,天候 : 晴,ダート : 稍重,2022年11月27日,東京,16,5,10,3,6,7,14,610,210,390,460,610,2500,1010,1490,2500,6350,13640,87810,左,1400,12
202205050810,10,アプローズ賞 ,天候 : 晴,ダート : 稍重,2022年11月27日,東京,16,7,14,6,12,4,7,320,190,200,870,700,1490,600,3090,4630,2500,28390,89330,左,1600,14
